technique,mode,accuracy,f1,dataset,n,baseline_accuracy,baseline_f1
Almashhadani et al. [11],paper_reported,0.9708,0.971,network traffic traces (Locky),unknown,,
Hwang et al. [12],paper_reported,0.973,0.973,dynamic analysis logs,unknown,,
Sharmeen et al. [13],paper_reported,0.9596,0.96,"semi-supervised, own corpus",unknown,,
Bae et al. [14],paper_reported,0.9865,0.987,PE-file features,unknown,,
"BSFR-SH (paper, best of 4: DecisionTree)",paper_reported,0.9898,0.99,BitcoinHeist addresses,46014,0.9,0.9474
"BSFR-SH (ours, random_forest)",measured,0.9442,0.9697,BitcoinHeist addresses,46014,0.9,0.9474
"BSFR-SH (ours, logistic_regression)",measured,0.9002,0.9475,BitcoinHeist addresses,46014,0.9,0.9474
"BSFR-SH (ours, decision_tree)",measured,0.9224,0.9569,BitcoinHeist addresses,46014,0.9,0.9474
"BSFR-SH (ours, k_nearest_neighbours)",measured,0.8892,0.941,BitcoinHeist addresses,46014,0.9,0.9474
